Kind,Name,AvgCyclomatic,AvgLineCode,MaxCyclomatic
Package,(Unnamed_Package),1,62,1
File,AddTest1.java,1,3,1
File,AddTest2.java,1,3,1
File,AddTest3.java,1,3,1
File,AddTest4.java,1,3,1
File,AddTest5.java,1,3,1
File,Appointment.java,1,3,1
File,CalendarApllication.java,6,33,10
File,CalendarService.java,1,1,1
File,CalendarServiceImpl.java,5,25,13
File,CalendarServiceImplTest.java,1,5,1
File,CalendarUtil.java,4,13,4
File,CommonUtil.java,4,16,7
File,DeleteTest1.java,1,3,1
File,DeleteTest2.java,1,3,1
File,DeleteTest3.java,1,3,1
File,DeleteTest4.java,1,3,1
File,DeleteTest5.java,1,3,1
File,EditTest1.java,1,3,1
File,EditTest2.java,1,3,1
File,EditTest3.java,1,3,1
File,EditTest4.java,1,3,1
File,EditTest5.java,1,3,1
File,ExportTest1.java,1,3,1
File,ExportTest2.java,1,3,1
File,ExportTest3.java,1,3,1
File,ExportTest4.java,1,3,1
File,ExportTest5.java,1,3,1
File,ImportTest1.java,1,3,1
File,ImportTest2.java,1,3,1
File,ImportTest3.java,1,3,1
File,ImportTest4.java,1,3,1
File,ImportTest5.java,1,3,1
File,PropertyReaderUtil.java,1,5,1
File,SearchTest1.java,1,3,1
File,SearchTest2.java,1,3,1
File,SearchTest3.java,1,3,1
File,SearchTest4.java,1,3,1
File,SearchTest5.java,1,3,1
File,StringUtil.java,2,7,2
Public Class,TestAll,1,62,1
File,TestAll.java,1,62,1
Public Static Method,TestAll.main,,,
File,ValidationService.java,1,1,1
File,ValidationServiceImpl.java,1,3,1
File,XMLConstants.java,0,0,0
File,XMLService.java,1,1,1
File,XMLServiceImpl.java,5,31,8
Package,com.harshitha.calendar.data,1,3,1
Public Class,com.harshitha.calendar.data.Appointment,1,3,1
Public Method,com.harshitha.calendar.data.Appointment.getDescription,,,
Public Method,com.harshitha.calendar.data.Appointment.getEndDate,,,
Public Method,com.harshitha.calendar.data.Appointment.getOrganizerEmailID,,,
Public Method,com.harshitha.calendar.data.Appointment.getStartDate,,,
Public Method,com.harshitha.calendar.data.Appointment.getSummery,,,
Public Method,com.harshitha.calendar.data.Appointment.getTimezone,,,
Public Method,com.harshitha.calendar.data.Appointment.setDescription,,,
Public Method,com.harshitha.calendar.data.Appointment.setEndDate,,,
Public Method,com.harshitha.calendar.data.Appointment.setOrganizerEmailID,,,
Public Method,com.harshitha.calendar.data.Appointment.setStartDate,,,
Public Method,com.harshitha.calendar.data.Appointment.setSummery,,,
Public Method,com.harshitha.calendar.data.Appointment.setTimezone,,,
Public Class,com.harshitha.calendar.data.XMLConstants,0,0,0
Package,com.harshitha.calendar.operation,2,13,13
Public Interface,com.harshitha.calendar.operation.CalendarService,1,1,1
Public Abstract Method,com.harshitha.calendar.operation.CalendarService.createIcs,,,
Public Abstract Method,com.harshitha.calendar.operation.CalendarService.deleteIcsEntry,,,
Public Abstract Method,com.harshitha.calendar.operation.CalendarService.editIcs,,,
Public Abstract Method,com.harshitha.calendar.operation.CalendarService.exportIcs,,,
Public Abstract Method,com.harshitha.calendar.operation.CalendarService.importIcs,,,
Public Abstract Method,com.harshitha.calendar.operation.CalendarService.searchIcs,,,
Public Class,com.harshitha.calendar.operation.CalendarServiceImpl,4,25,13
Public Method,com.harshitha.calendar.operation.CalendarServiceImpl.createIcs,,,
Private Method,com.harshitha.calendar.operation.CalendarServiceImpl.createIcsFile,,,
Public Method,com.harshitha.calendar.operation.CalendarServiceImpl.deleteIcsEntry,,,
Public Method,com.harshitha.calendar.operation.CalendarServiceImpl.editIcs,,,
Private Method,com.harshitha.calendar.operation.CalendarServiceImpl.editIcsEntry,,,
Public Method,com.harshitha.calendar.operation.CalendarServiceImpl.exportIcs,,,
Public Method,com.harshitha.calendar.operation.CalendarServiceImpl.importIcs,,,
Public Method,com.harshitha.calendar.operation.CalendarServiceImpl.searchIcs,,,
Public Class,com.harshitha.calendar.operation.CalendarUtil,4,13,4
Public Static Method,com.harshitha.calendar.operation.CalendarUtil.convertStringtoCalander,,,
Public Class,com.harshitha.calendar.operation.CommonUtil,4,16,7
Public Static Method,com.harshitha.calendar.operation.CommonUtil.convertInputToBean,,,
Public Static Method,com.harshitha.calendar.operation.CommonUtil.getFileName,,,
Public Class,com.harshitha.calendar.operation.PropertyReaderUtil,1,5,1
Public Static Method,com.harshitha.calendar.operation.PropertyReaderUtil.getProperty,,,
Public Class,com.harshitha.calendar.operation.StringUtil,2,7,2
Public Static Method,com.harshitha.calendar.operation.StringUtil.isNull,,,
Public Interface,com.harshitha.calendar.operation.ValidationService,1,1,1
Public Abstract Method,com.harshitha.calendar.operation.ValidationService.isEndDateCorrect,,,
Public Abstract Method,com.harshitha.calendar.operation.ValidationService.isStartDateCorrect,,,
Public Class,com.harshitha.calendar.operation.ValidationServiceImpl,1,3,1
Public Method,com.harshitha.calendar.operation.ValidationServiceImpl.isEndDateCorrect,,,
Public Method,com.harshitha.calendar.operation.ValidationServiceImpl.isStartDateCorrect,,,
Public Interface,com.harshitha.calendar.operation.XMLService,1,1,1
Public Abstract Method,com.harshitha.calendar.operation.XMLService.deleteDataByStartDate,,,
Public Abstract Method,com.harshitha.calendar.operation.XMLService.editDataByStartDate,,,
Public Abstract Method,com.harshitha.calendar.operation.XMLService.search,,,
Public Abstract Method,com.harshitha.calendar.operation.XMLService.writeToXML,,,
Public Class,com.harshitha.calendar.operation.XMLServiceImpl,4,31,8
Public Method,com.harshitha.calendar.operation.XMLServiceImpl.deleteDataByStartDate,,,
Public Method,com.harshitha.calendar.operation.XMLServiceImpl.editDataByStartDate,,,
Public Static Method,com.harshitha.calendar.operation.XMLServiceImpl.main,,,
Public Method,com.harshitha.calendar.operation.XMLServiceImpl.search,,,
Public Method,com.harshitha.calendar.operation.XMLServiceImpl.writeToXML,,,
Package,com.harshitha.calendar.test,1,3,1
Public Class,com.harshitha.calendar.test.AddTest1,1,3,1
Public Constructor,com.harshitha.calendar.test.AddTest1.AddTest1,,,
Public Method,com.harshitha.calendar.test.AddTest1.setUp,,,
Public Static Method,com.harshitha.calendar.test.AddTest1.setUpClass,,,
Public Method,com.harshitha.calendar.test.AddTest1.tearDown,,,
Public Static Method,com.harshitha.calendar.test.AddTest1.tearDownClass,,,
Public Method,com.harshitha.calendar.test.AddTest1.testCreateIcs,,,
Public Class,com.harshitha.calendar.test.AddTest2,1,3,1
Public Constructor,com.harshitha.calendar.test.AddTest2.AddTest2,,,
Public Method,com.harshitha.calendar.test.AddTest2.setUp,,,
Public Static Method,com.harshitha.calendar.test.AddTest2.setUpClass,,,
Public Method,com.harshitha.calendar.test.AddTest2.tearDown,,,
Public Static Method,com.harshitha.calendar.test.AddTest2.tearDownClass,,,
Public Method,com.harshitha.calendar.test.AddTest2.testCreateIcs,,,
Public Class,com.harshitha.calendar.test.AddTest3,1,3,1
Public Constructor,com.harshitha.calendar.test.AddTest3.AddTest3,,,
Public Method,com.harshitha.calendar.test.AddTest3.setUp,,,
Public Static Method,com.harshitha.calendar.test.AddTest3.setUpClass,,,
Public Method,com.harshitha.calendar.test.AddTest3.tearDown,,,
Public Static Method,com.harshitha.calendar.test.AddTest3.tearDownClass,,,
Public Method,com.harshitha.calendar.test.AddTest3.testCreateIcs,,,
Public Class,com.harshitha.calendar.test.AddTest4,1,3,1
Public Constructor,com.harshitha.calendar.test.AddTest4.AddTest4,,,
Public Method,com.harshitha.calendar.test.AddTest4.setUp,,,
Public Static Method,com.harshitha.calendar.test.AddTest4.setUpClass,,,
Public Method,com.harshitha.calendar.test.AddTest4.tearDown,,,
Public Static Method,com.harshitha.calendar.test.AddTest4.tearDownClass,,,
Public Method,com.harshitha.calendar.test.AddTest4.testCreateIcs,,,
Public Class,com.harshitha.calendar.test.AddTest5,1,3,1
Public Constructor,com.harshitha.calendar.test.AddTest5.AddTest5,,,
Public Method,com.harshitha.calendar.test.AddTest5.setUp,,,
Public Static Method,com.harshitha.calendar.test.AddTest5.setUpClass,,,
Public Method,com.harshitha.calendar.test.AddTest5.tearDown,,,
Public Static Method,com.harshitha.calendar.test.AddTest5.tearDownClass,,,
Public Method,com.harshitha.calendar.test.AddTest5.testCreateIcs,,,
Public Class,com.harshitha.calendar.test.CalendarServiceImplTest,1,5,1
Public Constructor,com.harshitha.calendar.test.CalendarServiceImplTest.CalendarServiceImplTest,,,
Public Method,com.harshitha.calendar.test.CalendarServiceImplTest.setUp,,,
Public Static Method,com.harshitha.calendar.test.CalendarServiceImplTest.setUpClass,,,
Public Method,com.harshitha.calendar.test.CalendarServiceImplTest.tearDown,,,
Public Static Method,com.harshitha.calendar.test.CalendarServiceImplTest.tearDownClass,,,
Public Method,com.harshitha.calendar.test.CalendarServiceImplTest.testCreateIcs,,,
Public Method,com.harshitha.calendar.test.CalendarServiceImplTest.testDeleteIcsEntry,,,
Public Method,com.harshitha.calendar.test.CalendarServiceImplTest.testEditIcs,,,
Public Method,com.harshitha.calendar.test.CalendarServiceImplTest.testExportIcs,,,
Public Method,com.harshitha.calendar.test.CalendarServiceImplTest.testImportIcs,,,
Public Method,com.harshitha.calendar.test.CalendarServiceImplTest.testSearchIcs,,,
Public Class,com.harshitha.calendar.test.DeleteTest1,1,3,1
Public Constructor,com.harshitha.calendar.test.DeleteTest1.DeleteTest1,,,
Public Method,com.harshitha.calendar.test.DeleteTest1.setUp,,,
Public Static Method,com.harshitha.calendar.test.DeleteTest1.setUpClass,,,
Public Method,com.harshitha.calendar.test.DeleteTest1.tearDown,,,
Public Static Method,com.harshitha.calendar.test.DeleteTest1.tearDownClass,,,
Public Method,com.harshitha.calendar.test.DeleteTest1.testDeleteIcsEntry,,,
Public Class,com.harshitha.calendar.test.DeleteTest2,1,3,1
Public Constructor,com.harshitha.calendar.test.DeleteTest2.DeleteTest2,,,
Public Method,com.harshitha.calendar.test.DeleteTest2.setUp,,,
Public Static Method,com.harshitha.calendar.test.DeleteTest2.setUpClass,,,
Public Method,com.harshitha.calendar.test.DeleteTest2.tearDown,,,
Public Static Method,com.harshitha.calendar.test.DeleteTest2.tearDownClass,,,
Public Method,com.harshitha.calendar.test.DeleteTest2.testDeleteIcsEntry,,,
Public Class,com.harshitha.calendar.test.DeleteTest3,1,3,1
Public Constructor,com.harshitha.calendar.test.DeleteTest3.DeleteTest3,,,
Public Method,com.harshitha.calendar.test.DeleteTest3.setUp,,,
Public Static Method,com.harshitha.calendar.test.DeleteTest3.setUpClass,,,
Public Method,com.harshitha.calendar.test.DeleteTest3.tearDown,,,
Public Static Method,com.harshitha.calendar.test.DeleteTest3.tearDownClass,,,
Public Method,com.harshitha.calendar.test.DeleteTest3.testDeleteIcsEntry,,,
Public Class,com.harshitha.calendar.test.DeleteTest4,1,3,1
Public Constructor,com.harshitha.calendar.test.DeleteTest4.DeleteTest4,,,
Public Method,com.harshitha.calendar.test.DeleteTest4.setUp,,,
Public Static Method,com.harshitha.calendar.test.DeleteTest4.setUpClass,,,
Public Method,com.harshitha.calendar.test.DeleteTest4.tearDown,,,
Public Static Method,com.harshitha.calendar.test.DeleteTest4.tearDownClass,,,
Public Method,com.harshitha.calendar.test.DeleteTest4.testDeleteIcsEntry,,,
Public Class,com.harshitha.calendar.test.DeleteTest5,1,3,1
Public Constructor,com.harshitha.calendar.test.DeleteTest5.DeleteTest5,,,
Public Method,com.harshitha.calendar.test.DeleteTest5.setUp,,,
Public Static Method,com.harshitha.calendar.test.DeleteTest5.setUpClass,,,
Public Method,com.harshitha.calendar.test.DeleteTest5.tearDown,,,
Public Static Method,com.harshitha.calendar.test.DeleteTest5.tearDownClass,,,
Public Method,com.harshitha.calendar.test.DeleteTest5.testDeleteIcsEntry,,,
Public Class,com.harshitha.calendar.test.EditTest1,1,3,1
Public Constructor,com.harshitha.calendar.test.EditTest1.EditTest1,,,
Public Method,com.harshitha.calendar.test.EditTest1.setUp,,,
Public Static Method,com.harshitha.calendar.test.EditTest1.setUpClass,,,
Public Method,com.harshitha.calendar.test.EditTest1.tearDown,,,
Public Static Method,com.harshitha.calendar.test.EditTest1.tearDownClass,,,
Public Method,com.harshitha.calendar.test.EditTest1.testEditIcs,,,
Public Class,com.harshitha.calendar.test.EditTest2,1,3,1
Public Constructor,com.harshitha.calendar.test.EditTest2.EditTest2,,,
Public Method,com.harshitha.calendar.test.EditTest2.setUp,,,
Public Static Method,com.harshitha.calendar.test.EditTest2.setUpClass,,,
Public Method,com.harshitha.calendar.test.EditTest2.tearDown,,,
Public Static Method,com.harshitha.calendar.test.EditTest2.tearDownClass,,,
Public Method,com.harshitha.calendar.test.EditTest2.testEditIcs,,,
Public Class,com.harshitha.calendar.test.EditTest3,1,3,1
Public Constructor,com.harshitha.calendar.test.EditTest3.EditTest3,,,
Public Method,com.harshitha.calendar.test.EditTest3.setUp,,,
Public Static Method,com.harshitha.calendar.test.EditTest3.setUpClass,,,
Public Method,com.harshitha.calendar.test.EditTest3.tearDown,,,
Public Static Method,com.harshitha.calendar.test.EditTest3.tearDownClass,,,
Public Method,com.harshitha.calendar.test.EditTest3.testEditIcs,,,
Public Class,com.harshitha.calendar.test.EditTest4,1,3,1
Public Constructor,com.harshitha.calendar.test.EditTest4.EditTest4,,,
Public Method,com.harshitha.calendar.test.EditTest4.setUp,,,
Public Static Method,com.harshitha.calendar.test.EditTest4.setUpClass,,,
Public Method,com.harshitha.calendar.test.EditTest4.tearDown,,,
Public Static Method,com.harshitha.calendar.test.EditTest4.tearDownClass,,,
Public Method,com.harshitha.calendar.test.EditTest4.testEditIcs,,,
Public Class,com.harshitha.calendar.test.EditTest5,1,3,1
Public Constructor,com.harshitha.calendar.test.EditTest5.EditTest5,,,
Public Method,com.harshitha.calendar.test.EditTest5.setUp,,,
Public Static Method,com.harshitha.calendar.test.EditTest5.setUpClass,,,
Public Method,com.harshitha.calendar.test.EditTest5.tearDown,,,
Public Static Method,com.harshitha.calendar.test.EditTest5.tearDownClass,,,
Public Method,com.harshitha.calendar.test.EditTest5.testEditIcs,,,
Public Class,com.harshitha.calendar.test.ExportTest1,1,3,1
Public Constructor,com.harshitha.calendar.test.ExportTest1.ExportTest1,,,
Public Method,com.harshitha.calendar.test.ExportTest1.setUp,,,
Public Static Method,com.harshitha.calendar.test.ExportTest1.setUpClass,,,
Public Method,com.harshitha.calendar.test.ExportTest1.tearDown,,,
Public Static Method,com.harshitha.calendar.test.ExportTest1.tearDownClass,,,
Public Method,com.harshitha.calendar.test.ExportTest1.testExportIcs,,,
Public Class,com.harshitha.calendar.test.ExportTest2,1,3,1
Public Constructor,com.harshitha.calendar.test.ExportTest2.ExportTest2,,,
Public Method,com.harshitha.calendar.test.ExportTest2.setUp,,,
Public Static Method,com.harshitha.calendar.test.ExportTest2.setUpClass,,,
Public Method,com.harshitha.calendar.test.ExportTest2.tearDown,,,
Public Static Method,com.harshitha.calendar.test.ExportTest2.tearDownClass,,,
Public Method,com.harshitha.calendar.test.ExportTest2.testExportIcs,,,
Public Class,com.harshitha.calendar.test.ExportTest3,1,3,1
Public Constructor,com.harshitha.calendar.test.ExportTest3.ExportTest3,,,
Public Method,com.harshitha.calendar.test.ExportTest3.setUp,,,
Public Static Method,com.harshitha.calendar.test.ExportTest3.setUpClass,,,
Public Method,com.harshitha.calendar.test.ExportTest3.tearDown,,,
Public Static Method,com.harshitha.calendar.test.ExportTest3.tearDownClass,,,
Public Method,com.harshitha.calendar.test.ExportTest3.testExportIcs,,,
Public Class,com.harshitha.calendar.test.ExportTest4,1,3,1
Public Constructor,com.harshitha.calendar.test.ExportTest4.ExportTest4,,,
Public Method,com.harshitha.calendar.test.ExportTest4.setUp,,,
Public Static Method,com.harshitha.calendar.test.ExportTest4.setUpClass,,,
Public Method,com.harshitha.calendar.test.ExportTest4.tearDown,,,
Public Static Method,com.harshitha.calendar.test.ExportTest4.tearDownClass,,,
Public Method,com.harshitha.calendar.test.ExportTest4.testExportIcs,,,
Public Class,com.harshitha.calendar.test.ExportTest5,1,3,1
Public Constructor,com.harshitha.calendar.test.ExportTest5.ExportTest5,,,
Public Method,com.harshitha.calendar.test.ExportTest5.setUp,,,
Public Static Method,com.harshitha.calendar.test.ExportTest5.setUpClass,,,
Public Method,com.harshitha.calendar.test.ExportTest5.tearDown,,,
Public Static Method,com.harshitha.calendar.test.ExportTest5.tearDownClass,,,
Public Method,com.harshitha.calendar.test.ExportTest5.testExportIcs,,,
Public Class,com.harshitha.calendar.test.ImportTest1,1,3,1
Public Constructor,com.harshitha.calendar.test.ImportTest1.ImportTest1,,,
Public Method,com.harshitha.calendar.test.ImportTest1.setUp,,,
Public Static Method,com.harshitha.calendar.test.ImportTest1.setUpClass,,,
Public Method,com.harshitha.calendar.test.ImportTest1.tearDown,,,
Public Static Method,com.harshitha.calendar.test.ImportTest1.tearDownClass,,,
Public Method,com.harshitha.calendar.test.ImportTest1.testImportIcs,,,
Public Class,com.harshitha.calendar.test.ImportTest2,1,3,1
Public Constructor,com.harshitha.calendar.test.ImportTest2.ImportTest2,,,
Public Method,com.harshitha.calendar.test.ImportTest2.setUp,,,
Public Static Method,com.harshitha.calendar.test.ImportTest2.setUpClass,,,
Public Method,com.harshitha.calendar.test.ImportTest2.tearDown,,,
Public Static Method,com.harshitha.calendar.test.ImportTest2.tearDownClass,,,
Public Method,com.harshitha.calendar.test.ImportTest2.testImportIcs,,,
Public Class,com.harshitha.calendar.test.ImportTest3,1,3,1
Public Constructor,com.harshitha.calendar.test.ImportTest3.ImportTest3,,,
Public Method,com.harshitha.calendar.test.ImportTest3.setUp,,,
Public Static Method,com.harshitha.calendar.test.ImportTest3.setUpClass,,,
Public Method,com.harshitha.calendar.test.ImportTest3.tearDown,,,
Public Static Method,com.harshitha.calendar.test.ImportTest3.tearDownClass,,,
Public Method,com.harshitha.calendar.test.ImportTest3.testImportIcs,,,
Public Class,com.harshitha.calendar.test.ImportTest4,1,3,1
Public Constructor,com.harshitha.calendar.test.ImportTest4.ImportTest4,,,
Public Method,com.harshitha.calendar.test.ImportTest4.setUp,,,
Public Static Method,com.harshitha.calendar.test.ImportTest4.setUpClass,,,
Public Method,com.harshitha.calendar.test.ImportTest4.tearDown,,,
Public Static Method,com.harshitha.calendar.test.ImportTest4.tearDownClass,,,
Public Method,com.harshitha.calendar.test.ImportTest4.testImportIcs,,,
Public Class,com.harshitha.calendar.test.ImportTest5,1,3,1
Public Constructor,com.harshitha.calendar.test.ImportTest5.ImportTest5,,,
Public Method,com.harshitha.calendar.test.ImportTest5.setUp,,,
Public Static Method,com.harshitha.calendar.test.ImportTest5.setUpClass,,,
Public Method,com.harshitha.calendar.test.ImportTest5.tearDown,,,
Public Static Method,com.harshitha.calendar.test.ImportTest5.tearDownClass,,,
Public Method,com.harshitha.calendar.test.ImportTest5.testImportIcs,,,
Public Class,com.harshitha.calendar.test.SearchTest1,1,3,1
Public Constructor,com.harshitha.calendar.test.SearchTest1.SearchTest1,,,
Public Method,com.harshitha.calendar.test.SearchTest1.setUp,,,
Public Static Method,com.harshitha.calendar.test.SearchTest1.setUpClass,,,
Public Method,com.harshitha.calendar.test.SearchTest1.tearDown,,,
Public Static Method,com.harshitha.calendar.test.SearchTest1.tearDownClass,,,
Public Method,com.harshitha.calendar.test.SearchTest1.testSearchIcs,,,
Public Class,com.harshitha.calendar.test.SearchTest2,1,3,1
Public Constructor,com.harshitha.calendar.test.SearchTest2.SearchTest2,,,
Public Method,com.harshitha.calendar.test.SearchTest2.setUp,,,
Public Static Method,com.harshitha.calendar.test.SearchTest2.setUpClass,,,
Public Method,com.harshitha.calendar.test.SearchTest2.tearDown,,,
Public Static Method,com.harshitha.calendar.test.SearchTest2.tearDownClass,,,
Public Method,com.harshitha.calendar.test.SearchTest2.testSearchIcs,,,
Public Class,com.harshitha.calendar.test.SearchTest3,1,3,1
Public Constructor,com.harshitha.calendar.test.SearchTest3.SearchTest3,,,
Public Method,com.harshitha.calendar.test.SearchTest3.setUp,,,
Public Static Method,com.harshitha.calendar.test.SearchTest3.setUpClass,,,
Public Method,com.harshitha.calendar.test.SearchTest3.tearDown,,,
Public Static Method,com.harshitha.calendar.test.SearchTest3.tearDownClass,,,
Public Method,com.harshitha.calendar.test.SearchTest3.testSearchIcs,,,
Public Class,com.harshitha.calendar.test.SearchTest4,1,3,1
Public Constructor,com.harshitha.calendar.test.SearchTest4.SearchTest4,,,
Public Method,com.harshitha.calendar.test.SearchTest4.setUp,,,
Public Static Method,com.harshitha.calendar.test.SearchTest4.setUpClass,,,
Public Method,com.harshitha.calendar.test.SearchTest4.tearDown,,,
Public Static Method,com.harshitha.calendar.test.SearchTest4.tearDownClass,,,
Public Method,com.harshitha.calendar.test.SearchTest4.testSearchIcs,,,
Public Class,com.harshitha.calendar.test.SearchTest5,1,3,1
Public Constructor,com.harshitha.calendar.test.SearchTest5.SearchTest5,,,
Public Method,com.harshitha.calendar.test.SearchTest5.setUp,,,
Public Static Method,com.harshitha.calendar.test.SearchTest5.setUpClass,,,
Public Method,com.harshitha.calendar.test.SearchTest5.tearDown,,,
Public Static Method,com.harshitha.calendar.test.SearchTest5.tearDownClass,,,
Public Method,com.harshitha.calendar.test.SearchTest5.testSearchIcs,,,
Package,com.harshitha.calendar.ui,5,33,10
Public Class,com.harshitha.calendar.ui.CalendarApllication,5,33,10
Public Static Method,com.harshitha.calendar.ui.CalendarApllication.main,,,
Private Static Method,com.harshitha.calendar.ui.CalendarApllication.printUI,,,
